{"cameraMode":{"drawMode":0,"name":"Shaded","section":"Shading Mode"},"sceneLighting":false,"audioPlay":false,"sceneViewState":{"m_AlwaysRefresh":false,"showFog":true,"showSkybox":false,"showFlares":true,"showImageEffects":true,"showParticleSystems":true,"showVisualEffectGraphs":true,"m_FxEnabled":false},"in2DMode":false,"pivot":{"x":13.470000267028809,"y":2.5399999618530275,"z":11.260000228881836},"rotation":{"x":-0.12639686465263368,"y":0.8601214289665222,"z":-0.2578984200954437,"w":-0.42154863476753237},"size":0.28722822666168215,"orthographic":false}